Phone Code,Area,Example,Latitude,Longitude
113,Leeds,(0113) xxx xxxx,53.801279,-1.548567
114,Sheffield,(0114) xxx xxxx,53.381129,-1.470085
115,Nottingham,(0115) xxx xxxx,52.95477,-1.158086
116,Leicester,(0116) xxx xxxx,52.636878,-1.139759
117,Bristol,(0117) xxx xxxx,51.454513,-2.58791
118,Reading,(0118) xxx xxxx,51.452884,-0.973906
1200,Clitheroe,(01200) xxxxxx,53.871098,-2.393083
1202,Bournemouth,(01202) xxxxxx,50.719164,-1.880769
1204,Bolton,(01204) xxxxxx,53.584441,-2.428619
1205,Boston,(01205) xxxxxx,52.97894,-0.026577
1206,Colchester,(01206) xxxxxx,51.895927,0.891874
1207,Consett,(01207) xxxxxx,54.851797,-1.833026
1208,Bodmin,(01208) xxxxxx,50.46863,-4.715114
1209,Redruth,(01209) xxxxxx,50.233022,-5.226666
121,Birmingham,(0121) xxx xxxx,52.486243,-1.890401
1223,Cambridge,(01223) xxxxxx,52.205337,0.121817
1224,Aberdeen,(01224) xxxxxx,57.149717,-2.094278
1225,Bath,(01225) xxxxxx,51.375801,-2.359904
1226,Barnsley,(01226) xxxxxx,53.55263,-1.479726
1227,Canterbury,(01227) xxxxxx,51.280233,1.078909
1228,Carlisle,(01228) xxxxxx,54.892473,-2.932931
1229,"Barrow-in-Furness, Millom [Barrow]",(01229) xxxxxx,54.163336,-3.254259
1233,Ashford (Kent) ,(01233) xxxxxx,51.146466,0.875019
1234,Bedford,(01234) xxxxxx,52.140829,-0.462191
1235,Abingdon,(01235) xxxxxx,51.67078,-1.287953
1236,Coatbridge,(01236) xxxxxx,55.862241,-4.019337
1237,Bideford,(01237) xxxxxx,51.016684,-4.206666
1239,Cardigan,(01239) xxxxxx,52.082803,-4.655819
1241,Arbroath,(01241) xxxxxx,56.559107,-2.591543
1242,Cheltenham,(01242) xxxxxx,51.897599,-2.075609
1243,Chichester,(01243) xxxxxx,50.83761,-0.774936
1244,Chester,(01244) xxxxxx,53.193392,-2.893075
1245,Chelmsford,(01245) xxxxxx,51.734964,0.476197
1246,Chesterfield,(01246) xxxxxx,53.235048,-1.421629
1248,Bangor (Gwynedd),(01248) xxxxxx,53.22739,-4.129263
1249,Chippenham,(01249) xxxxxx,51.458058,-2.116074
1250,Blairgowrie,(01250) xxxxxx,56.588823,-3.345894
1252,Aldershot,(01252) xxxxxx,51.248366,-0.755751
1253,Blackpool,(01253) xxxxxx,53.821273,-3.055453
1254,Blackburn,(01254) xxxxxx,53.748575,-2.487529
1255,Clacton-on-Sea [Clacton],(01255) xxxxxx,51.789534,1.153035
1256,Basingstoke,(01256) xxxxxx,51.262551,-1.093609
1257,Coppull,(01257) xxxxxx,53.621543,-2.662958
1258,Blandford Forum,(01258) xxxxxx,50.856908,-2.165353
1259,Alloa,(01259) xxxxxx,56.114073,-3.791896
1260,Congleton,(01260) xxxxxx,53.162856,-2.218923
1261,Banff,(01261) xxxxxx,57.666505,-2.524038
1262,Bridlington,(01262) xxxxxx,54.08535,-0.198802
1263,Cromer,(01263) xxxxxx,52.931448,1.301866
1264,Andover,(01264) xxxxxx,51.207093,-1.481246
1267,Carmarthen,(01267) xxxxxx,51.85762,-4.312131
1268,Basildon,(01268) xxxxxx,51.576084,0.488736
1269,Ammanford,(01269) xxxxxx,51.792888,-3.988459
1270,Crewe,(01270) xxxxxx,53.100405,-2.443821
1271,Barnstaple,(01271) xxxxxx,51.07816,-4.058338
1273,Brighton,(01273) xxxxxx,50.842941,-0.131312
1274,Bradford,(01274) xxxxxx,53.795984,-1.759398
1275,Clevedon,(01275) xxxxxx,51.442108,-2.856196
1276,Camberley,(01276) xxxxxx,51.33539,-0.742856
1277,Brentwood,(01277) xxxxxx,51.620475,0.307175
1278,Bridgwater,(01278) xxxxxx,51.127889,-3.003632
1279,Bishops Stortford,(01279) xxxxxx,51.869052,0.158605
1280,Buckingham,(01280) xxxxxx,51.999326,-0.987645
1282,Burnley,(01282) xxxxxx,53.789397,-2.255003
1283,Burton-on-Trent [Burton],(01283) xxxxxx,52.807792,-1.647135
1284,Bury-St-Edmunds,(01284) xxxxxx,52.248726,0.705933
1285,Cirencester,(01285) xxxxxx,51.718495,-1.968243
1286,Caernarfon,(01286) xxxxxx,53.139551,-4.273911
1287,Guisborough,(01287) xxxxxx,54.535,-1.0563
1288,Bude,(01288) xxxxxx,50.826636,-4.543678
1289,Berwick-on-Tweed [Berwick],(01289) xxxxxx,55.770242,-2.005395
1290,Cumnock,(01290) xxxxxx,55.453552,-4.265829
1291,Chepstow,(01291) xxxxxx,51.641856,-2.673804
1292,Ayr,(01292) xxxxxx,55.458564,-4.629179
1293,Crawley,(01293) xxxxxx,51.115416,-0.192876
1294,Ardrossan,(01294) xxxxxx,55.643889,-4.81182
1295,Banbury,(01295) xxxxxx,52.062901,-1.339775
1296,Aylesbury,(01296) xxxxxx,51.815606,-0.8084
1297,Axminster,(01297) xxxxxx,50.782727,-2.994937
1298,Buxton,(01298) xxxxxx,53.259082,-1.91483
1299,Bewdley,(01299) xxxxxx,52.375539,-2.316973
1300,Cerne Abbas,(01300) xxxxxx,50.808756,-2.477207
1301,Arrochar,(01301) xxxxxx,56.197685,-4.747293
1302,Doncaster,(01302) xxxxxx,53.52282,-1.128462
1303,Folkestone,(01303) xxxxxx,51.081397,1.169456
1304,Dover,(01304) xxxxxx,51.126371,1.316198
1305,Dorchester,(01305) xxxxxx,50.711164,-2.441181
1306,Dorking,(01306) xxxxxx,51.232202,-0.332378
1307,Forfar,(01307) xxxxxx,56.643558,-2.889062
1308,Bridport,(01308) xxxxxx,50.733577,-2.758301
1309,Forres,(01309) xxxxxx,57.609791,-3.61998
131,Edinburgh,(0131) xxx xxxx,55.953252,-3.188267
1320,Fort Augustus,(01320) xxxxxx,57.144234,-4.679817
1322,Dartford,(01322) xxxxxx,51.44621,0.216872
1323,Eastbourne,(01323) xxxxxx,50.768035,0.290472
1324,Falkirk,(01324) xxxxxx,56.001092,-3.783522
1325,Darlington,(01325) xxxxxx,54.52361,-1.559458
1326,Falmouth,(01326) xxxxxx,50.152571,-5.06627
1327,Daventry,(01327) xxxxxx,52.257473,-1.164947
1328,Fakenham,(01328) xxxxxx,52.831333,0.849324
1329,Fareham,(01329) xxxxxx,50.856146,-1.183182
1330,Banchory,(01330) xxxxxx,57.053856,-2.49096
1332,Derby,(01332) xxxxxx,52.92253,-1.474619
1333,Peat Inn,(01333) xxxxxx,56.275341,-2.88241
1334,St Andrews,(01334) xxxxxx,56.339316,-2.7965
1335,Ashbourne,(01335) xxxxxx,53.016626,-1.732179
1337,Ladybank,(01337) xxxxxx,56.280831,-3.12671
1339,"Aboyne, Ballater",(01339) xxxxxx,57.079654,-2.909401
1340,Craigellachie,(01340) xxxxxx,57.491008,-3.189215
1341,Barmouth,(01341) xxxxxx,52.722873,-4.056092
1342,East Grinstead,(01342) xxxxxx,51.128742,-0.014468
1343,Elgin,(01343) xxxxxx,57.649454,-3.318485
1344,Bracknell,(01344) xxxxxx,51.40226,-0.759494
1346,Fraserburgh,(01346) xxxxxx,57.693352,-2.007631
1347,Easingwold,(01347) xxxxxx,54.120007,-1.191878
1348,Fishguard,(01348) xxxxxx,51.993927,-4.975989
1349,Dingwall,(01349) xxxxxx,57.595347,-4.428411
1350,Dunkeld,(01350) xxxxxx,56.568195,-3.587103
1352,Mold,(01352) xxxxxx,53.167203,-3.141903
1353,Ely,(01353) xxxxxx,52.399539,0.262363
1354,Chatteris,(01354) xxxxxx,52.456102,0.054012
1355,East Kilbride,(01355) xxxxxx,55.760631,-4.164558
1356,Brechin,(01356) xxxxxx,56.733342,-2.655289
1357,Strathaven,(01357) xxxxxx,55.675627,-4.064323
1358,Ellon,(01358) xxxxxx,57.364597,-2.072972
1359,Pakenham,(01359) xxxxxx,52.269226,0.825696
1360,Killearn,(01360) xxxxxx,56.046286,-4.372517
1361,Duns,(01361) xxxxxx,55.777794,-2.343461
1362,Dereham,(01362) xxxxxx,52.681618,0.937827
1363,Crediton,(01363) xxxxxx,50.792592,-3.651495
1364,Ashburton,(01364) xxxxxx,50.515772,-3.751395
1366,Downham Market,(01366) xxxxxx,52.606612,0.385472
1367,Faringdon,(01367) xxxxxx,51.658477,-1.584679
1368,Dunbar,(01368) xxxxxx,56.002087,-2.516737
1369,Dunoon,(01369) xxxxxx,55.950973,-4.926214
1371,Great Dunmow,(01371) xxxxxx,51.872924,0.361707
1372,Esher,(01372) xxxxxx,51.369487,-0.365927
1373,Frome,(01373) xxxxxx,51.230751,-2.320096
1375,Grays Thurrock,(01375) xxxxxx,51.472362,0.324684
1376,Braintree,(01376) xxxxxx,51.880087,0.550927
1377,Driffield,(01377) xxxxxx,54.005996,-0.443377
1379,Diss,(01379) xxxxxx,52.376491,1.108394
1380,Devizes,(01380) xxxxxx,51.348907,-1.994828
1381,Fortrose,(01381) xxxxxx,57.581558,-4.130675
1382,Dundee,(01382) xxxxxx,56.462018,-2.970721
1383,Dunfermline,(01383) xxxxxx,56.071741,-3.452151
1384,Dudley,(01384) xxxxxx,52.512255,-2.081112
1386,Evesham,(01386) xxxxxx,52.092149,-1.94677
1387,Dumfries,(01387) xxxxxx,55.070859,-3.60512
13873,Langholm,(013873) xxxxx,55.153062,-2.998913
1388,"Bishop Auckland, Stanhope",(01388) xxxxxx,54.712984,-1.792949
1389,Dumbarton,(01389) xxxxxx,55.945287,-4.564554
1392,Exeter,(01392) xxxxxx,50.718412,-3.533899
1394,Felixstowe,(01394) xxxxxx,51.961726,1.351255
1395,Budleigh Salterton,(01395) xxxxxx,50.630998,-3.320214
1397,Fort William,(01397) xxxxxx,56.819817,-5.105218
1398,Dulverton,(01398) xxxxxx,51.039649,-3.549685
1400,Honington,(01400) xxxxxx,52.978,-0.589
1403,Horsham,(01403) xxxxxx,51.062883,-0.325858
1404,Honiton,(01404) xxxxxx,50.799468,-3.188683
1405,Goole,(01405) xxxxxx,53.702941,-0.876381
1406,Holbeach,(01406) xxxxxx,52.803991,0.013434
1407,Holyhead,(01407) xxxxxx,53.309441,-4.633038
1408,Golspie,(01408) xxxxxx,57.973406,-3.976086
1409,Holsworthy,(01409) xxxxxx,50.809215,-4.353993
141,Glasgow,(0141) xxx xxxx,55.864237,-4.251806
1420,Alton,(01420) xxxxxx,51.150719,-0.973177
1422,Halifax,(01422) xxxxxx,53.72702,-1.85754
1423,"Boroughbridge, Harrogate",(01423) xxxxxx,54.051168,-1.465814
1424,Hastings,(01424) xxxxxx,50.854259,0.573453
1425,Ringwood,(01425) xxxxxx,50.844949,-1.788817
1427,Gainsborough,(01427) xxxxxx,53.400575,-0.774465
1428,Haslemere,(01428) xxxxxx,51.090856,-0.713373
1429,Hartlepool,(01429) xxxxxx,54.691745,-1.212926
1430,"Market Weighton, North Cave",(01430) xxxxxx,53.841707,-0.656557
1431,Helmsdale,(01431) xxxxxx,58.117261,-3.653533
1432,Hereford,(01432) xxxxxx,52.056398,-2.715974
1433,Hathersage,(01433) xxxxxx,53.329824,-1.655851
1434,"Bellingham, Haltwhistle, Hexham",(01434) xxxxxx,55.04913,-2.288488
1435,Heathfield,(01435) xxxxxx,50.973147,0.261241
1436,Helensburgh,(01436) xxxxxx,56.002318,-4.734014
1437,"Clynderwen, Haverfordwest",(01437) xxxxxx,51.847174,-4.82915
1438,Stevenage,(01438) xxxxxx,51.903761,-0.196612
1439,Helmsley,(01439) xxxxxx,54.246367,-1.061275
1440,Haverhill,(01440) xxxxxx,52.082766,0.440945
1442,Hemel Hempstead,(01442) xxxxxx,51.753241,-0.448632
1443,Pontypridd,(01443) xxxxxx,51.600774,-3.342314
1444,Haywards Heath,(01444) xxxxxx,50.999041,-0.106333
1445,Gairloch,(01445) xxxxxx,57.72822,-5.693912
1446,Barry,(01446) xxxxxx,51.399753,-3.282586
1449,Stowmarket,(01449) xxxxxx,52.188902,0.997712
1450,Hawick,(01450) xxxxxx,55.42706,-2.780914
1451,Stow-on-the-Wold,(01451) xxxxxx,51.931364,-1.726444
1452,Gloucester,(01452) xxxxxx,51.864245,-2.238156
1453,Dursley,(01453) xxxxxx,51.678768,-2.350518
1454,Chipping Sodbury,(01454) xxxxxx,51.535166,-2.390938
1455,Hinckley,(01455) xxxxxx,52.545455,-1.37667
1456,Glenurquhart,(01456) xxxxxx,57.3333,-4.4833
1457,Glossop,(01457) xxxxxx,53.442579,-1.94604
1458,Glastonbury,(01458) xxxxxx,51.147427,-2.718454
1460,Chard,(01460) xxxxxx,50.869792,-2.963316
1461,Gretna,(01461) xxxxxx,54.994997,-3.067108
1462,Hitchin,(01462) xxxxxx,51.94921,-0.283414
1463,Inverness,(01463) xxxxxx,57.477773,-4.224721
1464,Insch,(01464) xxxxxx,57.341405,-2.611882
1465,Girvan,(01465) xxxxxx,55.240164,-4.854218
1466,Huntly,(01466) xxxxxx,57.445936,-2.787806
1467,Inverurie,(01467) xxxxxx,57.283474,-2.373995
1469,Killingholme,(01469) xxxxxx,53.654626,-0.278976
1470,Isle of Skye - Edinbane,(01470) xxxxxx,57.471771,-6.424469
1471,Isle of Skye - Broadford,(01471) xxxxxx,57.242378,-5.913865
1472,Grimsby,(01472) xxxxxx,53.567471,-0.080784
1473,Ipswich,(01473) xxxxxx,52.056736,1.14822
1474,Gravesend,(01474) xxxxxx,51.441884,0.370759
1475,Greenock,(01475) xxxxxx,55.956476,-4.771983
1476,Grantham,(01476) xxxxxx,52.912524,-0.643582
1477,Holmes Chapel,(01477) xxxxxx,53.201306,-2.356242
1478,Isle of Skye - Portree,(01478) xxxxxx,57.412474,-6.196023
1479,Grantown-on-Spey,(01479) xxxxxx,57.33041,-3.609628
1480,Huntingdon,(01480) xxxxxx,52.33146,-0.182552
1481,Guernsey,(01481) xxxxxx,49.465691,-2.585278
1482,Hull,(01482) xxxxxx,53.745671,-0.336741
1483,Guildford,(01483) xxxxxx,51.23622,-0.570409
1484,Huddersfield,(01484) xxxxxx,53.645792,-1.785035
1485,Hunstanton,(01485) xxxxxx,52.938914,0.491032
1487,Warboys,(01487) xxxxxx,52.404533,-0.077056
1488,Hungerford,(01488) xxxxxx,51.412345,-1.517995
1489,Bishops Waltham,(01489) xxxxxx,50.952732,-1.213745
1490,Corwen,(01490) xxxxxx,52.980051,-3.369242
1491,Henley-on-Thames,(01491) xxxxxx,51.535764,-0.902894
1492,Colwyn Bay,(01492) xxxxxx,53.293182,-3.72764
1493,Great Yarmouth,(01493) xxxxxx,52.598233,1.728047
1494,High Wycombe,(01494) xxxxxx,51.628611,-0.748229
1495,Pontypool,(01495) xxxxxx,51.700369,-3.045268
1496,Port Ellen,(01496) xxxxxx,55.629351,-6.188893
1497,Hay-on-Wye,(01497) xxxxxx,52.076067,-3.123639
1499,Inveraray,(01499) xxxxxx,56.230958,-5.077106
1501,Harthill,(01501) xxxxxx,55.860724,-3.750294
1502,Lowestoft,(01502) xxxxxx,52.481138,1.753449
1503,Looe,(01503) xxxxxx,50.356227,-4.455232
1505,Johnstone,(01505) xxxxxx,55.837324,-4.513915
1506,Bathgate,(01506) xxxxxx,55.9024,-3.643118
1507,"Alford (Lincs), Louth, Spilsby",(01507) xxxxxx,53.285242,0.059168
1508,Brooke,(01508) xxxxxx,52.545428,1.381022
1509,Loughborough,(01509) xxxxxx,52.772099,-1.206166
151,Liverpool,(0151) xxx xxxx,53.41154,-2.990116
1520,Lochcarron,(01520) xxxxxx,57.397704,-5.503079
1522,Lincoln,(01522) xxxxxx,53.230688,-0.540579
1524,Lancaster,(01524) xxxxxx,54.046575,-2.80074
15242,Hornby,(015242) xxxxx,54.112372,-2.636141
1525,Leighton Buzzard,(01525) xxxxxx,51.919684,-0.660657
1526,Martin,(01526) xxxxxx,53.124673,-0.322768
1527,Redditch,(01527) xxxxxx,52.30897,-1.940936
1528,Laggan,(01528) xxxxxx,57.020481,-4.281999
1529,Sleaford,(01529) xxxxxx,53.000308,-0.40965
1530,Coalville,(01530) xxxxxx,52.724569,-1.367711
1531,Ledbury,(01531) xxxxxx,52.033882,-2.423574
1534,Jersey,(01534) xxxxxx,49.214439,-2.13125
1535,Keighley,(01535) xxxxxx,53.867795,-1.912358
1536,Kettering,(01536) xxxxxx,52.396322,-0.730249
1538,Ipstones,(01538) xxxxxx,53.045403,-1.97147
1539,Kendal,(01539) xxxxxx,54.328006,-2.74629
15394,Hawkshead,(015394) xxxxx,54.374143,-2.998136
15395,Grange-Over-Sands,(015395) xxxxx,54.191009,-2.910688
15396,Sedbergh,(015396) xxxxx,54.323629,-2.528174
1540,Kingussie,(01540) xxxxxx,57.081409,-4.054468
1542,Keith,(01542) xxxxxx,57.543094,-2.951526
1543,Cannock,(01543) xxxxxx,52.687071,-2.026485
1544,Kington,(01544) xxxxxx,52.203742,-3.029048
1545,Llanarth,(01545) xxxxxx,52.194335,-4.307419
1546,Lochgilphead,(01546) xxxxxx,56.038292,-5.432345
1547,Knighton,(01547) xxxxxx,52.341009,-3.046971
1548,Kingsbridge,(01548) xxxxxx,50.283948,-3.777493
1549,Lairg,(01549) xxxxxx,58.022058,-4.402414
1550,Llandovery,(01550) xxxxxx,51.997395,-3.797508
1553,Kings Lynn,(01553) xxxxxx,52.75649,0.400174
1554,Llanelli,(01554) xxxxxx,51.680886,-4.160248
1555,Lanark,(01555) xxxxxx,55.673865,-3.782138
1556,Castle Douglas,(01556) xxxxxx,54.940415,-3.931414
1557,Kirkcudbright,(01557) xxxxxx,54.837569,-4.04878
1558,Llandeilo,(01558) xxxxxx,51.88469,-3.99143
1559,Llandyssul,(01559) xxxxxx,52.041675,-4.309198
1560,"Moscow, Dunlop, Darvel, Fenwick, Stewarton",(01560) xxxxxx,55.679957,-4.513587
1561,Laurencekirk,(01561) xxxxxx,56.831345,-2.472517
1562,Kidderminster,(01562) xxxxxx,52.388596,-2.249684
1563,Kilmarnock,(01563) xxxxxx,55.614719,-4.498792
1564,Lapworth,(01564) xxxxxx,52.339016,-1.762603
1565,Knutsford,(01565) xxxxxx,53.300594,-2.371833
1566,Launceston,(01566) xxxxxx,50.640134,-4.358558
1567,Killin,(01567) xxxxxx,56.469346,-4.319211
1568,Leominster,(01568) xxxxxx,52.2257,-2.742772
1569,Stonehaven,(01569) xxxxxx,56.963661,-2.209288
1570,Lampeter,(01570) xxxxxx,52.112903,-4.078509
1571,Lochinver,(01571) xxxxxx,58.149735,-5.240615
1572,Oakham,(01572) xxxxxx,52.669563,-0.726625
1573,Kelso,(01573) xxxxxx,55.59749,-2.43334
1575,Kirriemuir,(01575) xxxxxx,56.675117,-3.003501
1576,Lockerbie,(01576) xxxxxx,55.122245,-3.349008
1577,Kinross,(01577) xxxxxx,56.206132,-3.4229
1578,Lauder,(01578) xxxxxx,55.722936,-2.756614
1579,Liskeard,(01579) xxxxxx,50.45552,-4.464719
1580,Cranbrook,(01580) xxxxxx,51.095582,0.537639
1581,New Luce,(01581) xxxxxx,54.943406,-4.850547
1582,Luton,(01582) xxxxxx,51.878671,-0.420026
1583,Carradale,(01583) xxxxxx,55.591379,-5.4683
1584,Ludlow,(01584) xxxxxx,52.367749,-2.713913
1586,Campbeltown,(01586) xxxxxx,55.424117,-5.605374
1588,Bishops Castle,(01588) xxxxxx,52.495025,-2.996103
1590,Lymington,(01590) xxxxxx,50.758531,-1.54191
1591,Llanwrtyd Wells,(01591) xxxxxx,52.107586,-3.637427
1592,Kirkcaldy,(01592) xxxxxx,56.116825,-3.158137
1593,Lybster,(01593) xxxxxx,58.304216,-3.285232
1594,Lydney,(01594) xxxxxx,51.72913,-2.530504
1595,"Lerwick, Foula, Fair Isle",(01595) xxxxxx,60.000053,-1.543419
1597,Llandrindod Wells,(01597) xxxxxx,52.2417,-3.377742
1598,Lynton,(01598) xxxxxx,51.229654,-3.840102
1599,Kyle of Lochalsh,(01599) xxxxxx,57.28111,-5.713349
1600,Monmouth,(01600) xxxxxx,51.816132,-2.714501
1603,Norwich,(01603) xxxxxx,52.630886,1.297355
1604,Northampton,(01604) xxxxxx,52.240477,-0.902656
1606,Northwich,(01606) xxxxxx,53.259754,-2.518271
1608,Chipping Norton,(01608) xxxxxx,51.943544,-1.542189
1609,Northallerton,(01609) xxxxxx,54.337961,-1.429959
161,Manchester,(0161) xxx xxxx,53.479251,-2.247926
1620,North Berwick,(01620) xxxxxx,56.058363,-2.719646
1621,Maldon,(01621) xxxxxx,51.731805,0.671448
1622,Maidstone,(01622) xxxxxx,51.270363,0.522699
1623,Mansfield,(01623) xxxxxx,53.147195,-1.198674
1624,Isle of Man,(01624) xxxxxx,54.236107,-4.548056
1625,Macclesfield,(01625) xxxxxx,53.258663,-2.119287
1626,Newton Abbot,(01626) xxxxxx,50.528905,-3.60836
1628,Maidenhead,(01628) xxxxxx,51.522414,-0.7219
1629,Matlock,(01629) xxxxxx,53.137156,-1.551774
1630,Market Drayton,(01630) xxxxxx,52.903552,-2.483485
1631,Oban,(01631) xxxxxx,56.415157,-5.471047
1633,Newport,(01633) xxxxxx,51.584151,-2.997664
1634,Medway,(01634) xxxxxx,51.408492,0.587846
1635,Newbury,(01635) xxxxxx,51.401409,-1.323114
1636,Newark-on-Trent,(01636) xxxxxx,53.074978,-0.805016
1637,Newquay,(01637) xxxxxx,50.415497,-5.073719
1638,Newmarket,(01638) xxxxxx,52.24488,0.407962
1639,Neath,(01639) xxxxxx,51.656991,-3.805476
1641,Strathy,(01641) xxxxxx,58.557985,-3.993082
1642,Middlesbrough,(01642) xxxxxx,54.573,-1.238
1643,Minehead,(01643) xxxxxx,51.20428,-3.481152
1644,New Galloway,(01644) xxxxxx,55.076387,-4.141362
1646,Milford Haven,(01646) xxxxxx,51.714306,-5.042697
1647,Moretonhampstead,(01647) xxxxxx,50.659678,-3.767893
1650,Cemmaes Road,(01650) xxxxxx,52.625184,-3.742641
1651,Oldmeldrum,(01651) xxxxxx,57.335138,-2.321806
1652,Brigg,(01652) xxxxxx,53.55185,-0.491887
1653,Malton,(01653) xxxxxx,54.136836,-0.797897
1654,Machynlleth,(01654) xxxxxx,52.590273,-3.853485
1655,Maybole,(01655) xxxxxx,55.35302,-4.679055
1656,Bridgend,(01656) xxxxxx,51.504286,-3.576945
1659,Sanquhar,(01659) xxxxxx,55.368078,-3.926828
1661,Prudhoe,(01661) xxxxxx,54.962199,-1.84723
1663,New Mills,(01663) xxxxxx,53.361845,-2.000756
1664,Melton Mowbray,(01664) xxxxxx,52.766404,-0.887126
1665,Alnwick,(01665) xxxxxx,55.412744,-1.706299
1666,Malmesbury,(01666) xxxxxx,51.586357,-2.102834
1667,Nairn,(01667) xxxxxx,57.586422,-3.868475
1668,Bamburgh,(01668) xxxxxx,55.607884,-1.713559
1669,Rothbury,(01669) xxxxxx,55.310464,-1.909547
1670,Morpeth,(01670) xxxxxx,55.16875,-1.687493
1671,Newton Stewart,(01671) xxxxxx,54.960299,-4.483164
1672,Marlborough,(01672) xxxxxx,51.420073,-1.727062
1673,Market Rasen,(01673) xxxxxx,53.387762,-0.333285
1674,Montrose,(01674) xxxxxx,56.706922,-2.466115
1675,Coleshill,(01675) xxxxxx,52.499599,-1.706495
1676,Meriden,(01676) xxxxxx,52.438655,-1.647762
1677,Bedale,(01677) xxxxxx,54.288701,-1.593318
1678,Bala,(01678) xxxxxx,52.909911,-3.601584
1680,Isle of Mull - Craignure,(01680) xxxxxx,56.467898,-5.703435
1681,Isle of Mull - Fionnphort,(01681) xxxxxx,56.324882,-6.369892
1683,Moffat,(01683) xxxxxx,55.335208,-3.440337
1684,Malvern,(01684) xxxxxx,52.107919,-2.325062
1685,Merthyr Tydfil,(01685) xxxxxx,51.74873,-3.381646
1686,"Llanidloes, Newtown",(01686) xxxxxx,52.492133,-3.420719
1687,Mallaig,(01687) xxxxxx,57.003813,-5.827173
1688,Isle of Mull - Tobermory,(01688) xxxxxx,56.621852,-6.070278
1689,Orpington,(01689) xxxxxx,51.374843,0.094214
1690,Betws-y-Coed,(01690) xxxxxx,53.093705,-3.80127
1691,Oswestry,(01691) xxxxxx,52.857148,-3.056412
1692,North Walsham,(01692) xxxxxx,52.822699,1.385973
1694,Church Stretton,(01694) xxxxxx,52.540698,-2.803484
1695,Skelmersdale,(01695) xxxxxx,53.550352,-2.77637
1697,Brampton,(01697) xxxxxx,54.942631,-2.736329
16973,Wigton,(016973) xxxxx,54.825544,-3.161231
16974,Raughton Head,(016974) xxxxx,54.799855,-2.966457
1698,Motherwell,(01698) xxxxxx,55.792547,-3.99894
1700,Rothesay,(01700) xxxxxx,55.837374,-5.054879
1702,Southend-on-Sea [Southend],(01702) xxxxxx,51.545927,0.707712
1704,Southport,(01704) xxxxxx,53.645708,-3.010113
1706,Rochdale,(01706) xxxxxx,53.614086,-2.161814
1707,Welwyn Garden City,(01707) xxxxxx,51.832802,-0.212348
1708,Romford,(01708) xxxxxx,51.577076,0.178319
1709,Rotherham,(01709) xxxxxx,53.432604,-1.363501
1720,Isles of Scilly,(01720) xxxxxx,49.925002,-6.298672
1721,Peebles,(01721) xxxxxx,55.653071,-3.193642
1722,Salisbury,(01722) xxxxxx,51.068785,-1.794472
1723,Scarborough,(01723) xxxxxx,54.283113,-0.399752
1724,Scunthorpe,(01724) xxxxxx,53.588646,-0.654413
1725,Rockbourne,(01725) xxxxxx,50.963583,-1.84007
1726,St Austell,(01726) xxxxxx,50.337261,-4.788033
1727,St Albans,(01727) xxxxxx,51.752725,-0.339436
1728,Saxmundham,(01728) xxxxxx,52.215855,1.488056
1729,Settle,(01729) xxxxxx,54.068246,-2.277655
1730,Petersfield,(01730) xxxxxx,51.007591,-0.93899
1732,Sevenoaks,(01732) xxxxxx,51.27241,0.190898
1733,Peterborough,(01733) xxxxxx,52.569498,-0.24053
1736,Penzance,(01736) xxxxxx,50.118798,-5.537592
1737,Redhill,(01737) xxxxxx,51.239208,-0.16988
1738,Perth,(01738) xxxxxx,56.394994,-3.430838
1740,Sedgefield,(01740) xxxxxx,54.653152,-1.45019
1743,Shrewsbury,(01743) xxxxxx,52.706935,-2.752722
1744,St Helens,(01744) xxxxxx,53.456307,-2.737095
1745,Rhyl,(01745) xxxxxx,53.319141,-3.491634
1746,Bridgnorth,(01746) xxxxxx,52.534455,-2.424549
1747,Shaftesbury,(01747) xxxxxx,51.0046,-2.198083
1748,Richmond,(01748) xxxxxx,54.403465,-1.732618
1749,Shepton Mallet,(01749) xxxxxx,51.1909,-2.547886
1750,Selkirk,(01750) xxxxxx,55.550658,-2.838524
1751,Pickering,(01751) xxxxxx,54.243925,-0.777553
1752,Plymouth,(01752) xxxxxx,50.371917,-4.13602
1753,Slough,(01753) xxxxxx,51.510538,-0.595041
1754,Skegness,(01754) xxxxxx,53.146403,0.337881
1756,Skipton,(01756) xxxxxx,53.963613,-2.011881
1757,Selby,(01757) xxxxxx,53.783524,-1.067189
1758,Pwllheli,(01758) xxxxxx,52.888816,-4.417634
1759,Pocklington,(01759) xxxxxx,53.931023,-0.778948
1760,Swaffham,(01760) xxxxxx,52.647466,0.687481
1761,Temple Cloud,(01761) xxxxxx,51.316672,-2.542357
1763,Royston,(01763) xxxxxx,52.048142,-0.024066
1764,Crieff,(01764) xxxxxx,56.37655,-3.841994
1765,Ripon,(01765) xxxxxx,54.13564,-1.527334
1766,Porthmadog,(01766) xxxxxx,52.927842,-4.133384
1767,Sandy,(01767) xxxxxx,52.128118,-0.286788
1768,Penrith,(01768) xxxxxx,54.664097,-2.752708
17683,Appleby,(017683) xxxxx,54.577,-2.486
17684,Pooley Bridge,(017684) xxxxx,54.61264,-2.820242
17687,Keswick,(017687) xxxxx,54.601276,-3.134706
1769,South Molton,(01769) xxxxxx,51.016818,-3.832119
1770,Isle of Arran,(01770) xxxxxx,55.580617,-5.210857
1771,Maud,(01771) xxxxxx,57.522735,-2.129582
1772,Preston,(01772) xxxxxx,53.763201,-2.70309
1773,Ripley,(01773) xxxxxx,53.052819,-1.405792
1775,Spalding,(01775) xxxxxx,52.787112,-0.144905
1776,Stranraer,(01776) xxxxxx,54.903367,-5.024055
1777,Retford,(01777) xxxxxx,53.321356,-0.945503
1778,Bourne,(01778) xxxxxx,52.768599,-0.378462
1779,Peterhead,(01779) xxxxxx,57.508123,-1.784066
1780,Stamford,(01780) xxxxxx,52.651282,-0.480216
1782,Stoke-on-Trent [Stoke],(01782) xxxxxx,53.002668,-2.179404
1784,Staines,(01784) xxxxxx,51.43148,-0.515525
1785,Stafford,(01785) xxxxxx,52.806693,-2.12066
1786,Stirling,(01786) xxxxxx,56.116984,-3.942227
1787,Sudbury,(01787) xxxxxx,52.041047,0.726706
1788,Rugby,(01788) xxxxxx,52.370878,-1.265032
1789,Stratford-upon-Avon [Stratford],(01789) xxxxxx,52.19173,-1.708298
1790,Spilsby,(01790) xxxxxx,53.174675,0.09144
1792,Swansea,(01792) xxxxxx,51.62144,-3.943646
1793,Swindon,(01793) xxxxxx,51.558169,-1.780679
1794,Romsey,(01794) xxxxxx,50.98893,-1.49658
1795,Sittingbourne,(01795) xxxxxx,51.340402,0.731596
1796,Pitlochry,(01796) xxxxxx,56.704361,-3.729711
1797,Rye,(01797) xxxxxx,50.949708,0.73726
1798,Pulborough,(01798) xxxxxx,50.957304,-0.510671
1799,Saffron Walden,(01799) xxxxxx,52.022593,0.239215
1803,Torquay,(01803) xxxxxx,50.461921,-3.525315
1805,Great Torrington,(01805) xxxxxx,50.952097,-4.136852
1806,Shetland,(01806) xxxxxx,60.529651,-1.265941
1807,Ballindalloch,(01807) xxxxxx,57.411359,-3.35851
1808,Tomatin,(01808) xxxxxx,57.335757,-3.992198
1809,Tomdoun,(01809) xxxxxx,57.061533,-5.030994
1821,Kinrossie,(01821) xxxxxx,56.476777,-3.315017
1822,Tavistock,(01822) xxxxxx,50.551123,-4.141654
1823,Taunton,(01823) xxxxxx,51.015344,-3.106849
1824,Ruthin,(01824) xxxxxx,53.114725,-3.310874
1825,Uckfield,(01825) xxxxxx,50.966414,0.095913
1827,Tamworth,(01827) xxxxxx,52.633584,-1.691032
1828,Coupar Angus,(01828) xxxxxx,56.547918,-3.265548
1829,Tarporley,(01829) xxxxxx,53.160142,-2.669436
1830,Kirkwhelpington,(01830) xxxxxx,55.156375,-2.006044
1832,Clopton,(01832) xxxxxx,52.412552,-0.43905
1833,Barnard Castle,(01833) xxxxxx,54.545284,-1.923741
1834,Narberth,(01834) xxxxxx,51.799763,-4.744008
1835,St Boswells,(01835) xxxxxx,55.570844,-2.64754
1837,Okehampton,(01837) xxxxxx,50.738308,-4.004263
1838,Dalmally,(01838) xxxxxx,56.40234,-4.972179
1840,Camelford,(01840) xxxxxx,50.622055,-4.682364
1841,Newquay,(01841) xxxxxx,50.415497,-5.073719
1842,Thetford,(01842) xxxxxx,52.412856,0.751657
1843,Thanet,(01843) xxxxxx,51.360252,1.348466
1844,Thame,(01844) xxxxxx,51.746997,-0.974188
1845,Thirsk,(01845) xxxxxx,54.233849,-1.341377
1847,"Thurso, Tongue",(01847) xxxxxx,58.552035,-3.909348
1848,Thornhill,(01848) xxxxxx,55.245949,-3.769113
1851,"Great Bernera, Stornoway",(01851) xxxxxx,58.216667,-6.816667
1852,Kilmelford,(01852) xxxxxx,56.261134,-5.475113
1854,Ullapool,(01854) xxxxxx,57.895418,-5.161313
1855,Ballachulish,(01855) xxxxxx,56.673927,-5.13372
1856,Orkney,(01856) xxxxxx,59.042913,-3.154215
1857,Sanday,(01857) xxxxxx,59.2500,-2.5833
1858,Market Harborough,(01858) xxxxxx,52.475769,-0.921517
1859,Harris,(01859) xxxxxx,57.898,-6.802
1862,Tain,(01862) xxxxxx,57.811501,-4.05523
1863,Ardgay,(01863) xxxxxx,57.881213,-4.363214
1864,Abington,(01864) xxxxxx,55.495291,-3.688865
1865,Oxford,(01865) xxxxxx,51.751724,-1.255285
1866,Kilchrenan,(01866) xxxxxx,56.357964,-5.177516
1869,Bicester,(01869) xxxxxx,51.899603,-1.15359
1870,Isle of Benbecula,(01870) xxxxxx,57.452755,-7.346694
1871,Castlebay,(01871) xxxxxx,56.954527,-7.486566
1872,Truro,(01872) xxxxxx,50.263195,-5.051041
1873,Abergavenny,(01873) xxxxxx,51.825366,-3.019423
1874,Brecon,(01874) xxxxxx,51.948947,-3.391463
1875,Tranent,(01875) xxxxxx,55.94451,-2.954526
1876,Lochmaddy,(01876) xxxxxx,57.603693,-7.163348
1877,Callandar,(01877) xxxxxx,56.245059,-4.211663
1878,Lochboisdale,(01878) xxxxxx,57.153218,-7.308006
1879,Scarinish,(01879) xxxxxx,56.503802,-6.808511
1880,Tarbert,(01880) xxxxxx,55.864085,-5.41141
1882,Kinloch Rannoch,(01882) xxxxxx,56.700752,-4.189655
1883,Caterham,(01883) xxxxxx,51.280296,-0.081616
1884,Tiverton,(01884) xxxxxx,50.902049,-3.491207
1885,Pencombe,(01885) xxxxxx,52.171558,-2.586577
1886,Bromyard,(01886) xxxxxx,52.190713,-2.50872
1887,Aberfeldy,(01887) xxxxxx,56.621752,-3.866969
1888,Turriff,(01888) xxxxxx,57.538932,-2.4623
1889,Rugely,(01889) xxxxxx,52.761515,-1.935967
1890,"Ayton, Coldstream",(01890) xxxxxx,55.770465,-2.209454
1892,Tunbridge Wells,(01892) xxxxxx,51.132377,0.263695
1895,Uxbridge,(01895) xxxxxx,51.5485,-0.479611
1896,Galashiels,(01896) xxxxxx,55.623728,-2.814449
1899,Biggar,(01899) xxxxxx,55.623396,-3.523964
1900,Workington,(01900) xxxxxx,54.643569,-3.542752
1902,Wolverhampton,(01902) xxxxxx,52.586973,-2.12882
1903,Worthing,(01903) xxxxxx,50.81787,-0.372882
1904,York,(01904) xxxxxx,53.962291,-1.081899
1905,Worcester,(01905) xxxxxx,52.193636,-2.221575
1908,Milton Keynes,(01908) xxxxxx,52.038601,-0.757072
1909,Worksop,(01909) xxxxxx,53.309302,-1.122745
191,"Newcastle upon Tyne [Newcastle], Durham, Sunderland",(0191) xxx xxxx,54.898574,-1.573835
1920,Ware,(01920) xxxxxx,51.810437,-0.028177
1922,Walsall,(01922) xxxxxx,52.586214,-1.982919
1923,Watford,(01923) xxxxxx,51.656489,-0.39032
1924,Wakefield,(01924) xxxxxx,53.683298,-1.505924
1925,Warrington,(01925) xxxxxx,53.395794,-2.571767
1926,Warwick,(01926) xxxxxx,52.282316,-1.584927
1928,Runcorn,(01928) xxxxxx,53.342078,-2.729673
1929,Wareham,(01929) xxxxxx,50.687817,-2.110981
1931,Shap,(01931) xxxxxx,54.531661,-2.678081
1932,Weybridge,(01932) xxxxxx,51.371627,-0.457904
1933,Wellingborough,(01933) xxxxxx,52.302419,-0.693964
1934,Weston-Super-Mare [Weston],(01934) xxxxxx,51.347405,-2.977255
1935,Yeovil,(01935) xxxxxx,50.942061,-2.633308
1937,Wetherby,(01937) xxxxxx,53.927056,-1.384816
1938,Welshpool,(01938) xxxxxx,52.660348,-3.146407
1939,Wem,(01939) xxxxxx,52.853637,-2.726712
1942,Wigan,(01942) xxxxxx,53.54544,-2.637474
1943,Guiseley,(01943) xxxxxx,53.877118,-1.706645
1944,West Heslerton,(01944) xxxxxx,54.171765,-0.60794
1945,Wisbech,(01945) xxxxxx,52.666317,0.158797
1946,Whitehaven,(01946) xxxxxx,54.549699,-3.589233
19467,Gosforth,(019467) xxxxx,54.419,-3.433
1947,Whitby,(01947) xxxxxx,54.486335,-0.613347
1948,Whitchurch,(01948) xxxxxx,52.968716,-2.682045
1949,Whatton,(01949) xxxxxx,52.945776,-0.892034
1950,Sandwick,(01950) xxxxxx,59.996374,-1.223321
1951,Colonsay,(01951) xxxxxx,56.080996,-6.211768
1952,Telford,(01952) xxxxxx,52.678419,-2.445258
1953,"Wymondham, Wicklewood",(01953) xxxxxx,52.569354,1.115305
1954,Madingley,(01954) xxxxxx,52.228399,0.042139
1955,Wick,(01955) xxxxxx,58.438936,-3.093716
1957,Mid Yell,(01957) xxxxxx,60.599907,-1.068302
1959,Westerham,(01959) xxxxxx,51.266969,0.071827
1962,Winchester,(01962) xxxxxx,51.059771,-1.310142
1963,Wincanton,(01963) xxxxxx,51.055688,-2.416007
1964,"Hornsea, Patrington",(01964) xxxxxx,53.813215,-0.099795
1967,Strontian,(01967) xxxxxx,56.695388,-5.571178
1968,Penicuik,(01968) xxxxxx,55.830932,-3.224533
1969,Leyburn,(01969) xxxxxx,54.309591,-1.826792
1970,Aberystwyth,(01970) xxxxxx,52.415303,-4.08292
1971,Scourie,(01971) xxxxxx,58.351964,-5.151291
1972,Glenborrodale,(01972) xxxxxx,56.679949,-5.904857
1974,Llanon,(01974) xxxxxx,52.281632,-4.177295
1975,"Alford (Aberdeen), Strathdon",(01975) xxxxxx,57.231797,-2.879553
1977,Pontefract,(01977) xxxxxx,53.691688,-1.308648
1978,Wrexham,(01978) xxxxxx,53.04304,-2.992494
1980,Amesbury,(01980) xxxxxx,51.174957,-1.779109
1981,Wormbridge,(01981) xxxxxx,51.973915,-2.849247
1982,Builth Wells,(01982) xxxxxx,52.150023,-3.404592
1983,Isle of Wight,(01983) xxxxxx,50.692718,-1.31671
1984,Watchet,(01984) xxxxxx,51.181769,-3.329177
1985,Warminster,(01985) xxxxxx,51.204629,-2.181078
1986,Bungay,(01986) xxxxxx,52.455457,1.443976
1987,Ebbsfleet,(01987) xxxxxx,51.44943,0.322369
1988,Wigtown,(01988) xxxxxx,54.867159,-4.444234
1989,Ross-on-Wye,(01989) xxxxxx,51.91445,-2.582446
1992,Lea Valley,(01992) xxxxxx,51.756826,-0.012478
1993,Witney,(01993) xxxxxx,51.787009,-1.482147
1994,St Clears,(01994) xxxxxx,51.819341,-4.498791
1995,Garstang,(01995) xxxxxx,53.903027,-2.772196
1997,Strathpeffer,(01997) xxxxxx,57.585059,-4.539684
20,London,(020) xxxx xxxx,51.508129,-0.128005
023 8,Southampton,(023 8) xxxxxx,50.909902,-1.404851
023 9,Portsmouth,(023 9) xxxxxx,50.808368,-1.068524
24,Coventry,(024) xxxx xxxx,52.406822,-1.519693
28,Northern Ireland,(028) xxxx xxxx,54.787715,-6.492315
028 20,Ballycastle,(028) 20xx xxxx,55.20143,-6.25518
028 21,Martinstown,(028) 21xx xxxx,54.96623,-6.2231
028 25,Ballymena,(028) 25xx xxxx,54.86538,-6.28038
028 27,Ballymoney,(028) 27xx xxxx,55.073375,-6.513866
028 28,Larne,(028) 28xx xxxx,54.8575,-5.80986
028 29,Kilrea,(028) 29xx xxxx,54.95119,-6.5564
028 30,Newry,(028) 30xx xxxx,54.18006,-6.33393
028 37,Armagh,(028) 37xx xxxx,54.34875,-6.65161
028 38,Portadown,(028) 38xx xxxx,54.42193,-6.45129
028 40,Banbridge,(028) 40xx xxxx,54.34897,-6.26978
028 41,Rostrevor,(028) 41xx xxxx,54.10073,-6.2004
028 42,Kircubbin,(028) 42xx xxxx,54.48848,-5.53473
028 43,Newcastle(Co. Down),(028) 43xx xxxx,54.21705,-5.8904
028 44,Downpatrick,(028) 44xx xxxx,54.32882,-5.71573
028 66,Enniskillen,(028) 66xx xxxx,54.34363,-7.63093
028 67,Lisnaskea,(028) 67xx xxxx,54.25362,-7.44355
028 68,Kesh,(028) 68xx xxxx,54.52073,-7.7211
028 70,Coleraine,(028) 70xx xxxx,55.12529,-6.66842
028 71 / 028 72,Londonderry [Derry],(028) 71xx xxxx,54.996612,-7.308575
028 77,Limavady,(028) 77xx xxxx,55.049751,-6.946713
028 79,Magherafelt,(028) 79xx xxxx,54.75639,-6.60636
028 80,Carrickmore,(028) 80xx xxxx,54.59495,-7.04621
028 81,Newtownstewart,(028) 81xx xxxx,54.71515,-7.37298
028 82,Omagh,(028) 82xx xxxx,54.59657,-7.30691
028 85,Ballygawley,(028) 85xx xxxx,54.46275,-7.02819
028 86,Cookstown,(028) 86xx xxxx,54.64102,-6.74429
028 87,Dungannon,(028) 87xx xxxx,54.454245,-6.941169
028 89,Fivemiletown,(028) 89xx xxxx,54.37866,-7.31564
028 90 / 028 95 / 028 96,Belfast,(028) 90xx xxxx,54.597443,-5.934068
028 91,Bangor(Co. Down),(028) 91xx xxxx,54.65654,-5.67529
028 92,Lisburn,(028) 92xx xxxx,54.50972,-6.0374
028 93,Ballyclare,(028) 93xx xxxx,54.75151,-5.99968
028 94,Antrim,(028) 94xx xxxx,54.71363,-6.21428
028 97,Saintfield,(028) 97xx xxxx,54.46029,-5.83051
29,Cardiff,(029) xxxx xxxx,51.481581,-3.17909
